[
    {
        "name": "hcaptcha",
        "description": "Paket integrasi hcaptcha untuk rakit framework.",
        "category": "authentication",
        "repository": "https://github.com/esyede/hcaptcha",
        "maintained": true,
        "compatibilities": {
            "v0.9.7": "v1.0.0",
            "v0.9.8": "v1.0.0",
            "v0.9.9": "v1.0.0",
            "v1.0.0": "v1.0.0"
        }
    },
    {
        "name": "captcha",
        "description": "Paket captcha sederhana untuk rakit framework.",
        "category": "authentication",
        "repository": "https://github.com/esyede/captcha",
        "maintained": true,
        "compatibilities": {
            "v0.9.7": "v1.0.0",
            "v0.9.8": "v1.0.0",
            "v0.9.9": "v1.0.0",
            "v1.0.0": "v1.0.0"
        }
    },
    {
        "name": "access",
        "description": "Paket role-based access control untuk rakit",
        "category": "authorization",
        "repository": "https://github.com/esyede/access",
        "maintained": true,
        "compatibilities": {
            "v0.9.7": "v1.0.0",
            "v0.9.8": "v1.0.0",
            "v0.9.9": "v1.0.0",
            "v1.0.0": "v1.0.0"
        }
    },
    {
        "name": "tinyfilemanager",
        "description": "Paket managemen file berbasis tinyfilemanager untuk rakit framework.",
        "category": "others",
        "repository": "https://github.com/esyede/tinyfilemanager",
        "maintained": true,
        "compatibilities": {
            "v0.9.7": "v1.0.0",
            "v0.9.8": "v1.0.0",
            "v0.9.9": "v1.0.0",
            "v1.0.0": "v1.0.0"
        }
    },
    {
        "name": "datatables",
        "description": "Paket DataTables server-side untuk rakit framework.",
        "category": "others",
        "repository": "https://github.com/esyede/datatables",
        "maintained": true,
        "compatibilities": {
            "v0.9.7": "v1.0.0",
            "v0.9.8": "v1.0.0",
            "v0.9.9": "v1.0.0",
            "v1.0.0": "v1.0.0"
        }
    },
    {
        "name": "logviewer",
        "description": "Paket manajemen file log untuk rakit framework.",
        "category": "logging",
        "repository": "https://github.com/esyede/logviewer",
        "maintained": true,
        "compatibilities": {
            "v0.9.7": "v1.0.0",
            "v0.9.8": "v1.0.0",
            "v0.9.9": "v1.0.0",
            "v1.0.0": "v1.0.0"
        }
    },
    {
        "name": "file-auth",
        "description": "Paket driver otentikasi berbasis file untuk rakit framework.",
        "category": "authentication",
        "repository": "https://github.com/esyede/file-auth",
        "maintained": true,
        "compatibilities": {
            "v0.9.7": "v1.0.0",
            "v0.9.8": "v1.0.0",
            "v0.9.9": "v1.0.0",
            "v1.0.0": "v1.0.0"
        }
    },
    {
        "name": "notyf",
        "description": "Paket flash message sederhana berbasis notyf-js untuk rakit framework.",
        "category": "notification",
        "repository": "https://github.com/esyede/notyf",
        "maintained": true,
        "compatibilities": {
            "v0.9.7": "v1.0.0",
            "v0.9.8": "v1.0.0",
            "v0.9.9": "v1.0.0",
            "v1.0.0": "v1.0.0"
        }
    },
    {
        "name": "impersonate",
        "description": "Paket impersonate (login as other user) untuk rakit framework.",
        "category": "authentication",
        "repository": "https://github.com/esyede/impersonate",
        "maintained": true,
        "compatibilities": {
            "v0.9.7": "v1.0.0",
            "v0.9.8": "v1.0.0",
            "v0.9.9": "v1.0.0",
            "v1.0.0": "v1.0.0"
        }
    },
    {
        "name": "adminer",
        "description": "Paket manajemen database berbasis Adminer untuk rakit framework.",
        "category": "database",
        "repository": "https://github.com/esyede/adminer",
        "maintained": true,
        "compatibilities": {
            "v0.9.7": "v1.0.0",
            "v0.9.8": "v1.0.0",
            "v0.9.9": "v1.0.0",
            "v1.0.0": "v1.0.0"
        }
    }
]
